<?xml version="1.0" encoding="UTF-8"?>
<metadata>
  <idinfo>
    <citation>
      <citeinfo>
        <origin/>
        <pubdate>20110403</pubdate>
        <pubtime>unknown</pubtime>
        <title>Airport Runways, California, 2011</title>
        <geoform>vector digital data</geoform>
        <pubinfo>
          <pubplace/>
          <publish>California. Department of Transportation</publish>
        </pubinfo>
        <onlink>http://purl.stanford.edu/cj067sr0133</onlink>
        <lworkcit>
          <citeinfo>
            <title>California Department of Transportation Maps and GIS Data</title>
          </citeinfo>
        </lworkcit>
      </citeinfo>
    </citation>
    <descript>
      <abstract>This line shapefile represents airport runways in California. These are runways for which the Department of Transportation (Caltrans) HQ Aeronautics maintains information. These data were created in May 2006 and updated in April 2011. This layer is part of a collection of GIS data created by the California Department of Transportation (Caltrans).</abstract>
      <purpose>This dataset is intended for researchers, students, and policy makers for reference and mapping purposes, and may be used for basic applications such as viewing, querying, and map output production, or to provide a basemap to support graphical overlays and analysis with other spatial data.</purpose>
    </descript>
    <timeperd>
      <timeinfo>
        <sngdate>
          <caldate>20110403</caldate>
        </sngdate>
      </timeinfo>
      <current>publication date</current>
    </timeperd>
    <status>
      <progress>Complete</progress>
      <update>Unknown</update>
    </status>
    <spdom>
      <bounding>
        <westbc>-124.241657</westbc>
        <eastbc>-114.399425</eastbc>
        <northbc>41.893957</northbc>
        <southbc>32.560773</southbc>
      </bounding>
    </spdom>
    <keywords>
      <theme>
        <themekt>lcsh</themekt>
        <themekey>Airports</themekey>
        <themekey>Runways (Aeronautics)</themekey>
      </theme>
      <theme>
        <themekt>ISO 19115 Topic Categories</themekt>
        <themekey>structure</themekey>
        <themekey>transportation</themekey>
      </theme>
      <place>
        <placekt>geonames</placekt>
        <placekey>California</placekey>
      </place>
    </keywords>
    <accconst>This item is in the public domain</accconst>
    <useconst>None</useconst>
    <ptcontac>
      <cntinfo>
        <cntorgp>
          <cntorg>Caltrans TSI/GIS Data Branch</cntorg>
        </cntorgp>
        <cntaddr>
          <addrtype>mailing and physical</addrtype>
          <address>1120 N St., MS 38</address>
          <city>Sacramento</city>
          <state>CA</state>
          <postal>95814</postal>
          <country>US</country>
        </cntaddr>
        <cntvoice>(916) 654-5037</cntvoice>
        <cntfax>(916) 654-6583</cntfax>
      </cntinfo>
    </ptcontac>
    <datacred>California Department of Transportation. (2011). Airport Runways, California, 2011. California Department of Transportation. Available at http://purl.stanford.edu/cj067sr0133.</datacred>
    <native>Microsoft Windows 7 Version 6.1 (Build 7601) Service Pack 1; Esri ArcGIS 10.3.1.4959</native>
  </idinfo>
  <dataqual>
    <attracc>
      <attraccr>Update Software: ArcMap v. 8.2 NOTE: Items common to all line coverages: FNODE#, TNODE#, LPOLY#, RPOLY#, LENGTH, &lt;coverage&gt;#, and &lt;coverage&gt;-ID are not described here.</attraccr>
    </attracc>
    <logic>The AIRP_RW feature class is a line feature class representing the airport runways in California for which the Caltrans HQ Aeronautics maintains information.</logic>
    <complete>Data Updated: March 20, 2003</complete>
    <lineage>
      <srcinfo>
        <srccite>
          <citeinfo>
            <origin/>
            <pubdate>unknown</pubdate>
            <title>airp_rw</title>
          </citeinfo>
        </srccite>
        <typesrc>None</typesrc>
        <srccitea>Caltrans</srccitea>
        <srccontr>Capture Method: Existing USGS DLG linework</srccontr>
      </srcinfo>
      <procstep>
        <procdesc>Heads up digitizing with Terra Server 2 meter imagery. Capture Method: Existing USGS DLG linework</procdesc>
        <procdate>unknown</procdate>
        <proccont>
          <cntinfo>
            <cntorgp>
              <cntorg>Caltrans TSI/GIS Data Branch</cntorg>
            </cntorgp>
            <cntaddr>
              <addrtype>mailing and physical</addrtype>
              <address>1120 N St, MS 38</address>
              <city>Sacramento</city>
              <state>CA</state>
              <postal>95814</postal>
              <country>US</country>
            </cntaddr>
            <cntvoice>(916) 654 5037</cntvoice>
            <cntfax>(916) 654 6583</cntfax>
          </cntinfo>
        </proccont>
      </procstep>
    </lineage>
  </dataqual>
  <spdoinfo>
    <direct>Vector</direct>
    <ptvctinf>
      <sdtsterm>
        <sdtstype>String</sdtstype>
        <ptvctcnt>852</ptvctcnt>
      </sdtsterm>
    </ptvctinf>
  </spdoinfo>
  <eainfo>
    <detailed>
      <enttyp>
        <enttypl>airp_rw</enttypl>
        <enttypd>The AIRP_RW feature class is a line feature class representing the airport runways in California for which the Caltrans HQ Aeronautics maintains information.</enttypd>
        <enttypds>Caltrans HQ Aeronautics</enttypds>
      </enttyp>
      <attr>
        <attrlabl>FID</attrlabl>
        <attrdef>Internal feature number.</attrdef>
        <attrdefs>ESRI</attrdefs>
        <attrdomv>
          <udom>Sequential unique whole numbers that are automatically generated.</udom>
        </attrdomv>
      </attr>
      <attr>
        <attrlabl>Shape</attrlabl>
        <attrdef>Feature geometry.</attrdef>
        <attrdefs>ESRI</attrdefs>
        <attrdomv>
          <udom>Coordinates defining the features.</udom>
        </attrdomv>
      </attr>
      <attr>
        <attrlabl>FNODE_</attrlabl>
        <attrdef>N/A</attrdef>
        <attrdefs>N/A</attrdefs>
      </attr>
      <attr>
        <attrlabl>TNODE_</attrlabl>
        <attrdef>N/A</attrdef>
        <attrdefs>N/A</attrdefs>
      </attr>
      <attr>
        <attrlabl>LPOLY_</attrlabl>
        <attrdef>N/A</attrdef>
        <attrdefs>N/A</attrdefs>
      </attr>
      <attr>
        <attrlabl>RPOLY_</attrlabl>
        <attrdef>N/A</attrdef>
        <attrdefs>N/A</attrdefs>
      </attr>
      <attr>
        <attrlabl>LENGTH</attrlabl>
        <attrdef>N/A</attrdef>
        <attrdefs>N/A</attrdefs>
      </attr>
      <attr>
        <attrlabl>AIRP_RW_</attrlabl>
        <attrdef>N/A</attrdef>
        <attrdefs>N/A</attrdefs>
      </attr>
      <attr>
        <attrlabl>AIRP_RW_ID</attrlabl>
        <attrdef>N/A</attrdef>
        <attrdefs>N/A</attrdefs>
      </attr>
      <attr>
        <attrlabl>AP_ID</attrlabl>
        <attrdef>Airport unique identifier used for relating to the Caltrans HQ Aeronautics </attrdef>
        <attrdefs>Caltrans HQ Aeronautics</attrdefs>
      </attr>
      <attr>
        <attrlabl>NAME</attrlabl>
        <attrdef>Airport name </attrdef>
        <attrdefs>Caltrans HQ Aeronautics</attrdefs>
      </attr>
      <attr>
        <attrlabl>DIST</attrlabl>
        <attrdef>Caltrans district number </attrdef>
        <attrdefs>Caltrans TSI/GIS Data Branch</attrdefs>
      </attr>
      <attr>
        <attrlabl>CO</attrlabl>
        <attrdef>Caltrans county abbreviations</attrdef>
        <attrdefs>Caltrans TSI/GIS Data Branch</attrdefs>
      </attr>
      <attr>
        <attrlabl>MAJOR</attrlabl>
        <attrdef>Significant features of the ITMS database. </attrdef>
        <attrdefs>Caltrans HQ Aeronautics</attrdefs>
        <attrdomv>
          <edom>
            <edomv>0</edomv>
            <edomvd>not major feature </edomvd>
            <edomvds>Caltrans HQ Aeronautics</edomvds>
          </edom>
        </attrdomv>
      </attr>
    </detailed>
    <overview>
      <eaover>Update Media: Heads up digitizing with Terra Server 2 meter imagery 
Update Software: ArcMap v. 8.2 </eaover>
      <eadetcit>NOTE: Items common to all line feature classs: FNODE#, TNODE#, LPOLY#, RPOLY#, LENGTH, &lt;feature class&gt;#, and &lt;feature class&gt;-ID are not described here. </eadetcit>
    </overview>
  </eainfo>
  <distinfo>
    <distrib>
      <cntinfo>
        <cntorgp>
          <cntorg>Stanford Geospatial Center</cntorg>
        </cntorgp>
        <cntaddr>
          <addrtype>mailing and physical</addrtype>
          <address>Branner Earth Sciences Library</address>
          <address>Mitchell Bldg. 2nd floor</address>
          <address>397 Panama Mall</address>
          <city>Stanford</city>
          <state>California</state>
          <postal>94305</postal>
          <country>US</country>
        </cntaddr>
        <cntvoice>650-723-2746</cntvoice>
        <cntemail>brannerlibrary@stanford.edu</cntemail>
      </cntinfo>
    </distrib>
    <distliab>See access and use constraints information.</distliab>
  </distinfo>
  <metainfo>
    <metd>20160420</metd>
    <metc>
      <cntinfo>
        <cntorgp>
          <cntorg>Caltrans TSI/GIS Data Branch</cntorg>
        </cntorgp>
        <cntaddr>
          <addrtype>mailing and physical</addrtype>
          <address>1120 N St., MS 38</address>
          <city>Sacramento</city>
          <state>CA</state>
          <postal>95814</postal>
          <country>US</country>
        </cntaddr>
        <cntvoice>(916) 654-5037</cntvoice>
        <cntfax>(916) 654-6583</cntfax>
      </cntinfo>
    </metc>
    <metstdn>FGDC Content Standard for Digital Geospatial Metadata</metstdn>
    <metstdv>FGDC-STD-001-1998</metstdv>
    <mettc>local time</mettc>
  </metainfo>
</metadata>
